number	link
1	https://olympo.ir/wp-content/uploads/questions/2021/01/202101-03-0608wTTFqjZIpmCoKrAFGzzc49666.png
2	https://olympo.ir/wp-content/uploads/questions/2019/10/201910-17-0847toiWsIhCfxgeSmyCvgaz134667.png
3	https://olympo.ir/wp-content/uploads/questions/2021/01/202101-03-0612hrGXyjbOAKESsSarUKaR551589.png
4	https://olympo.ir/wp-content/uploads/questions/2019/10/201910-02-0917VDxYjnudAvblByICgWAF334542.png
5	https://olympo.ir/wp-content/uploads/questions/2020/12/202012-25-1046HaEUdgImRQKWAeVgMMfV159641.png
6	https://olympo.ir/wp-content/uploads/questions/2019/12/201912-07-1229hGQKfrayvFHKZqDTtomO738438.png
7	https://olympo.ir/wp-content/uploads/questions/2019/10/201910-17-0847XgDREMySGFWLnhryvQpE538120.png
8	https://olympo.ir/wp-content/uploads/questions/2020/12/202012-25-1047XoqrpbSwSrKdaSRgXMcK784815.png
9	https://olympo.ir/wp-content/uploads/questions/2019/12/201912-21-0146WRjXEhuNTXcVnvxsKfvh762971.png
10	https://olympo.ir/wp-content/uploads/questions/2020/12/202012-25-1009vZznMTaCStEHSqxdlqyV976375.png
11	https://olympo.ir/wp-content/uploads/questions/2021/01/202101-03-0121fvCgQUmLrSBOZAvuaexr12895.png
12	https://olympo.ir/wp-content/uploads/questions/2021/01/202101-03-0550fDfazlRiUlQFXsqpobDt152073.png
13	https://olympo.ir/wp-content/uploads/questions/2021/01/202101-03-0121ELzPEjyGVjWQpOjtMrRq878068.png
14	https://olympo.ir/wp-content/uploads/questions/2019/10/201910-17-0847USCYQnwjCQvUOVOKFqcA591553.png
15	https://olympo.ir/wp-content/uploads/questions/2019/11/201911-01-1243kIWkznRmfpbflhoFUnXE631330.png
16	https://olympo.ir/wp-content/uploads/questions/2020/12/202012-25-0525KUpnUqOZQcsxqKAOzjUX207061.png
17	https://olympo.ir/wp-content/uploads/questions/2019/11/201911-14-0524TKzhABTLosqYkhAqxoeL106670.png
18	https://olympo.ir/wp-content/uploads/questions/2021/01/202101-03-0122wuWcFVMeagEYfMrftMrC154410.png
19	https://olympo.ir/wp-content/uploads/questions/2021/01/202101-03-0614nqsJetRFzUluEkPrdlpP494667.png
20	https://olympo.ir/wp-content/uploads/questions/2021/01/202101-03-0605FRPvqgLHQBmLZIDiKCQF38633.png
21	https://olympo.ir/wp-content/uploads/questions/2021/01/202101-03-0122zOvyZTGCGodkGnNvtySq114987.png
22	https://olympo.ir/wp-content/uploads/questions/2020/12/202012-25-0543IKuubyfmWhFjTVrhhQys55297.png
23	https://olympo.ir/wp-content/uploads/questions/2021/01/202101-03-0121OibRQVcOnGrlhdpGvBCA723799.png
24	https://olympo.ir/wp-content/uploads/questions/2021/01/202101-03-0554lKVrNxGbUdPsWQkBjcFx491921.png
25	https://olympo.ir/wp-content/uploads/questions/2019/11/201911-01-1244akKSiRCwTZoQnInsjkqv841339.png
26	https://olympo.ir/wp-content/uploads/questions/2021/01/202101-03-0122ELXrzcDIeQaeuQywGVAg287307.png
27	https://olympo.ir/wp-content/uploads/questions/2021/01/202101-03-0110WRHvkRguURnczcZQIAyw923697.png
28	https://olympo.ir/wp-content/uploads/questions/2021/01/202101-03-0317TxmTezTCWLONEQwaoiVO203882.png
29	https://olympo.ir/wp-content/uploads/questions/2019/10/201910-17-0847HwSkpLuOARzfGJijskix888805.png
30	https://olympo.ir/wp-content/uploads/questions/2020/12/202012-25-1047gRlrdQmqKzvImbIqzgTz353454.png
31	https://olympo.ir/wp-content/uploads/questions/2021/01/202101-03-0615bwlGGDnlYUKJKrqTQvbM16713.png
32	https://olympo.ir/wp-content/uploads/questions/2019/12/201912-21-0146ysqEURAEUxoDkQUqtQLU266368.png
33	https://olympo.ir/wp-content/uploads/questions/2021/01/202101-03-0615vryOxVMBcQOoGdlyVBIq435545.png
34	https://olympo.ir/wp-content/uploads/questions/2020/12/202012-25-0544bqHVyXWRTQQMdIaWUwqk431378.png
35	https://olympo.ir/wp-content/uploads/questions/2021/01/202101-03-0202BvJVyuOeVTfePUGwsxhC56152.png
36	https://olympo.ir/wp-content/uploads/questions/2019/11/201911-01-1245RPLsqFZtRHcmvbNwHafS663673.png
37	https://olympo.ir/wp-content/uploads/questions/2021/01/202101-03-0109ydDtLXPLMJdoWfvrFQPq591564.png
38	https://olympo.ir/wp-content/uploads/questions/2019/12/201912-07-1224DRUeMuKNeOFDyzeLDXNr180641.png
39	https://olympo.ir/wp-content/uploads/questions/2021/01/202101-03-0605VTYSgYiuoLjGncDPVZeB590342.png
40	https://olympo.ir/wp-content/uploads/questions/2021/01/202101-03-0614IYZfgyQLiFVINKNWaoZx640867.png
41	https://olympo.ir/wp-content/uploads/questions/2019/12/201912-21-0146SbHFYlUpphkdtsHYUCqa582059.png
42	https://olympo.ir/wp-content/uploads/questions/2019/11/201911-14-0526AcvKUHFojiaCpgfrVwHo759488.png
43	https://olympo.ir/wp-content/uploads/questions/2021/01/202101-03-0109mqcXrxiqMyOuTpTjuQVB892886.png
44	https://olympo.ir/wp-content/uploads/questions/2021/01/202101-03-0611fPAtBrVScQGsMiosyNch103437.png
45	https://olympo.ir/wp-content/uploads/questions/2019/12/201912-07-1224dRZuQjpgSYBDGgxHfnsk163076.png
46	https://olympo.ir/wp-content/uploads/questions/2020/12/202012-25-0542GXSnRwkdouVOrMGKYXiM842785.png
47	https://olympo.ir/wp-content/uploads/questions/2021/01/202101-03-0551qOcxzitNASCZorKRYMMF76351.png
48	https://olympo.ir/wp-content/uploads/questions/2021/01/202101-03-0614GrOsMzAUfIhEDpWLVjYe23409.png
49	https://olympo.ir/wp-content/uploads/questions/2021/01/202101-03-0604pzBltFyntxIaWnlyhYol906643.png
50	https://olympo.ir/wp-content/uploads/questions/2021/01/202101-03-0551WSvpoTiCtfnzMgNagciJ830234.png
51	https://olympo.ir/wp-content/uploads/questions/2019/10/201910-02-0917usudWHeBUFDSxfwKsoCf699904.png
52	https://olympo.ir/wp-content/uploads/questions/2021/01/202101-03-0615oOFHZNIgdmqRbdpUJSaj841266.png
53	https://olympo.ir/wp-content/uploads/questions/2019/11/201911-14-0525GfJlFzoyUWomhNbHsSuS812726.png
54	https://olympo.ir/wp-content/uploads/questions/2020/12/202012-25-1052LkbyIdZiPhQTISPoiGow996368.png
55	https://olympo.ir/wp-content/uploads/questions/2021/01/202101-03-0608kqqirvKTSHxlANVQrDnZ29387.png
56	https://olympo.ir/wp-content/uploads/questions/2021/01/202101-03-0121iUaaJoFVnkaeAwySIGAl923290.png
57	https://olympo.ir/wp-content/uploads/questions/2019/12/201912-21-0146CeDdDjMXGrxHUBedTKVc652088.png
58	https://olympo.ir/wp-content/uploads/questions/2019/10/201910-02-0917jCilTVsOgkuGLLFjIleI494990.png
59	https://olympo.ir/wp-content/uploads/questions/2021/01/202101-03-0609jTJLMXpcDhBJGrmOKLcK242324.png
60	https://olympo.ir/wp-content/uploads/questions/2021/01/202101-03-0546kRdrMiijxkJOhgyPvjdP558695.png
61	https://olympo.ir/wp-content/uploads/questions/2021/01/202101-03-0221oWUrlkcxRGCPsAplbaCK237619.png
62	https://olympo.ir/wp-content/uploads/questions/2021/01/202101-03-0550zOYCAQDxdDSyWdFvvmad992644.png
63	https://olympo.ir/wp-content/uploads/questions/2020/12/202012-25-0524sxxsekVtkHzKvUrTTYnz979086.png
64	https://olympo.ir/wp-content/uploads/questions/2019/11/201911-01-1244FnMimKlgyPtQZZuTIagg615822.png
65	https://olympo.ir/wp-content/uploads/questions/2021/01/202101-03-0612ISQfiqVgFseaUbeuSAii990868.png
66	https://olympo.ir/wp-content/uploads/questions/2019/10/201910-17-0846rorzotoSEKfGxzfiNWqY740592.png
67	https://olympo.ir/wp-content/uploads/questions/2019/11/201911-14-0524rANaKvhSEasSefrncqvQ327375.png
68	https://olympo.ir/wp-content/uploads/questions/2020/12/202012-25-0609ivHzIsDGjykgGfsBRvBc984003.png
69	https://olympo.ir/wp-content/uploads/questions/2019/10/201910-02-0917zumcDcegJohfJLHytXFR207409.png
70	https://olympo.ir/wp-content/uploads/questions/2020/12/202012-25-0545AjFouSfrhOdHqsfQUPNW145305.png
71	https://olympo.ir/wp-content/uploads/questions/2019/10/201910-17-0847sFBTuDFxsNEHpzIUEyQE906361.png
72	https://olympo.ir/wp-content/uploads/questions/2021/01/202101-03-0551MIGDeLwITglEhxuEXpQD951817.png
73	https://olympo.ir/wp-content/uploads/questions/2020/12/202012-25-0543goPWotzWKVSkrGdChHUo161146.png
74	https://olympo.ir/wp-content/uploads/questions/2019/11/201911-14-0525GiimWByFujJuBsdNYycq418303.png
75	https://olympo.ir/wp-content/uploads/questions/2019/10/201910-17-0847hoQYrxCHgUVrjCCOXdyI247277.png
76	https://olympo.ir/wp-content/uploads/questions/2021/01/202101-03-0553taJDVHLCWEsyabpreqOc330847.png
77	https://olympo.ir/wp-content/uploads/questions/2019/10/201910-02-0918CWukCFvWTnHCYRbEwMLy159840.png
78	https://olympo.ir/wp-content/uploads/questions/2021/01/202101-03-0216vnuRZFvPFvhlZBBDuYrh611324.png
79	https://olympo.ir/wp-content/uploads/questions/2019/11/201911-01-1243dOKXpmdLGrNygaiMejei652875.png
80	https://olympo.ir/wp-content/uploads/questions/2019/12/201912-21-0146VdLRyfgJPTFvAqhQzywq732709.png
81	https://olympo.ir/wp-content/uploads/questions/2019/11/201911-14-0525dqqJKGYZDtbCNFLBhBzu862780.png
82	https://olympo.ir/wp-content/uploads/questions/2020/12/202012-25-1009JsKknTVfjLgfbtcecymT447034.png
83	https://olympo.ir/wp-content/uploads/questions/2019/11/201911-14-0524BwoIFCGqdNdOqDdahqqd679959.png
84	https://olympo.ir/wp-content/uploads/questions/2020/12/202012-25-1010fKxjUPbGxCSoRUOaPslu488936.png
85	https://olympo.ir/wp-content/uploads/questions/2020/12/202012-25-1010wVUeVSWtBXhzSixbhewB1004.png
86	https://olympo.ir/wp-content/uploads/questions/2019/11/201911-01-1242qlRkCopBCENuKhneFIju309287.png
87	https://olympo.ir/wp-content/uploads/questions/2019/11/201911-14-0524rOgeCFCNREuIxlyDuRXR289865.png
88	https://olympo.ir/wp-content/uploads/questions/2021/01/202101-03-0110QIjSvkIMIgAvKPqGwlmO891462.png
89	https://olympo.ir/wp-content/uploads/questions/2019/10/201910-17-0846EvNPvUuCWHIJSrtmqtQe311515.png
90	https://olympo.ir/wp-content/uploads/questions/2019/11/201911-01-1243RubTLmwwOyYHsXrZNpyM630502.png
91	https://olympo.ir/wp-content/uploads/questions/2019/11/201911-14-0526jiGrghkzyazHlotAMkPH590891.png
92	https://olympo.ir/wp-content/uploads/questions/2021/01/202101-03-0204KmWsqzIwBOHURAxqWtwt534713.png
93	https://olympo.ir/wp-content/uploads/questions/2019/12/201912-21-0145DRKQCFDZjvqdFHGfoVZY520833.png
94	https://olympo.ir/wp-content/uploads/questions/2021/01/202101-03-0608QTkLSzXdvJRhnCyouUza254670.png
95	https://olympo.ir/wp-content/uploads/questions/2021/01/202101-03-0121SWCZifALrzxHbORjNMBZ857239.png
96	https://olympo.ir/wp-content/uploads/questions/2019/10/201910-02-0917ROQtDytkYdsyHcIBHjim312654.png
97	https://olympo.ir/wp-content/uploads/questions/2019/11/201911-01-1242BpiseerazUzPJEVdLwSq952731.png
98	https://olympo.ir/wp-content/uploads/questions/2019/10/201910-17-0847LUzYLZPDIHIUYCOGhOkA951374.png
99	https://olympo.ir/wp-content/uploads/questions/2019/11/201911-01-1244AWaJHHYbsexJpWZWtizR673412.png
100	https://olympo.ir/wp-content/uploads/questions/2019/12/201912-21-0147rFEZVSLXJAkHEBzwSHow809949.png