"number	link",*,,,,,,,,,
"1	https://olympo.ir/wp-content/uploads/questions/2021/01/202101-03-0608wTTFqjZIpmCoKrAFGzzc49666.png",2,,,,,,,,,
"2	https://olympo.ir/wp-content/uploads/questions/2019/10/201910-17-0847toiWsIhCfxgeSmyCvgaz134667.png",*,,,,,,,,,
"3	https://olympo.ir/wp-content/uploads/questions/2021/01/202101-03-0612hrGXyjbOAKESsSarUKaR551589.png",3,,,,,,,,,
,1,,,,,,,,,
,3,,,,,,,,,
,2,,,,,,,,,
,5,,,,,,,,,
,3,,,,,,,,,
,4,,,,,,,,,
,3,,,,,,,,,
,*,,,,,,,,,
,3,,,,,,,,,
,1,,,,,,,,,
,5,,,,,,,,,
,3,,,,,,,,,
,5,,,,,,,,,
,1,,,,,,,,,
,*,,,,,,,,,
,*,,,,,,,,,
,4,,,,,,,,,
,2,,,,,,,,,
,4,,,,,,,,,
,*,,,,,,,,,
,3,,,,,,,,,
,2,,,,,,,,,
,3,,,,,,,,,
,*,,,,,,,,,
,2,,,,,,,,,
,3,,,,,,,,,
,*,,,,,,,,,
,1,,,,,,,,,
,*,,,,,,,,,
,3,,,,,,,,,5
,1,,,,,,,,,
,3,,,,,,,,,
,2,,,,,,,,,
,2,,,,,,,,,
,*,,,,,,,,,
,*,,,,,,,,,
,1,,,,,,,,,
,2,,,,,,,,,
,2,,,,,,,,,
,*,,,,,,,,,
,2,,,,,,,,,
,2,,,,,,,,,
,*,,,,,,,,,
,*,,,,,,,,,
,*,,,,,,,,,
,*,,,,,,,,,
,4,,,,,,,,,
,*,,,,,,,,,
,2,,,,,,,,,
,5,,,,,,,,,
,*,,,,,,,,,
,5,,,,,,,,,
,5,,,,,,,,,
,1,,,,,,,,,
,*,,,,,,,,,
,*,,,,,,,,,
,3,,,,,,,,,
,*,,,,,,,,,
,3,,,,,,,,,
,5,,,,,,,,,
,*,,,,,,,,,
,2,,,,,,,,,
,2,,,,,,,,,
,1,,,,,,,,,
,4,,,,,,,,,
,1,,,,,,,,,
,5,,,,,,,,,
,*,,,,,,,,,
,2,,,,,,,,,
,3,,,,,,,,,
,3,,,,,,,,,
,*,,,,,,,,,
,3,,,,,,,,,
,3,,,,,,,,,
,2,,,,,,,,,
,1,,,,,,,,,
,3,,,,,,,,,
,3,,,,,,,,,
,1,,,,,,,,,
,1,,,,,,,,,
,2,,,,,,,,,
,4,,,,,,,,,
,2,,,,,,,,,
,4,,,,,,,,,
,3,,,,,,,,,
,5,,,,,,,,,
,5,,,,,,,,,
,3,,,,,,,,,
,4,,,,,,,,,
,*,,,,,,,,,
,5,,,,,,,,,
,1,,,,,,,,,
,3,,,,,,,,,
,3,,,,,,,,,
,4,,,,,,,,,
,1,,,,,,,,,